MONTH,BOROUGH,COMMUNITYDISTRICT,REFUSETONSCOLLECTED,PAPERTONSCOLLECTED,MGPTONSCOLLECTED,BOROUGH_ID,BoroCD
2013 / 10,Queens,13,5189.25,505.94,573.44,4,413
2013 / 10,Brooklyn,07,3341.37,414.57,319.11,3,307
2013 / 10,Bronx,02,1545.83,72.33,92.12,2,202
2013 / 10,Queens,10,3785.36,375.29,343.98,4,410
2013 / 10,Manhattan,02,2167.47,446.13,294.68,1,102
2013 / 10,Bronx,12,3690.27,339.09,381.15,2,212
2013 / 10,Brooklyn,15,4670.1,617.78,379.51,3,315
2013 / 10,Bronx,08,2416.36,335.21,270.49,2,208
2013 / 10,Queens,03,4729.29,370.45,357.43,4,403
2013 / 10,Queens,09,4031.75,414.4,377.57,4,409
2013 / 10,Manhattan,05,1356.06,256.67,163.21,1,105
2013 / 10,Queens,06,2883.71,418.39,276.38,4,406
2013 / 10,Brooklyn,08,2651.51,240.25,207.81,3,308
2013 / 10,Brooklyn,16,1839.83,94.26,105.03,3,316
2013 / 10,Brooklyn,13,2191.43,164.62,147.91,3,313
2013 / 10,Brooklyn,11,4870.32,626.3,397.65,3,311
2013 / 10,Manhattan,08,5832.8,1111.11,668.05,1,108
2013 / 10,Staten Island,03,5681.46,821.65,601.06,5,503
2013 / 10,Manhattan,12,5063.32,443.34,414.31,1,112
2013 / 10,Queens,14,3255.07,220.39,165.16,4,414
2013 / 10,Brooklyn,02,2408.17,426.28,293.19,3,302
2013 / 10,Queens,05,4941.91,651.23,546.79,4,405
2013 / 10,Brooklyn,05,4247.57,234.25,289.23,3,305
2013 / 10,Bronx,09,4042.62,171.44,226.48,2,209
2013 / 10,Manhattan,04,2408.54,414.43,321.44,1,104
2013 / 10,Queens,12,6399.0,452.02,543.95,4,412
2013 / 10,Bronx,04,4218.79,177.56,191.3,2,204
2013 / 10,Brooklyn,10,3384.94,540.34,343.71,3,310
2013 / 10,Manhattan,10,2847.49,217.68,171.79,1,110
2013 / 10,Bronx,06,2160.35,109.9,146.37,2,206
2013 / 10,Queens,08,3704.22,477.25,313.5,4,408
2013 / 10,Brooklyn,04,3156.12,179.2,234.07,3,304
2013 / 10,Manhattan,09,2559.65,239.93,184.55,1,109
2013 / 10,Brooklyn,18,5316.75,572.54,445.09,3,318
2013 / 10,Staten Island,01,5068.19,605.01,548.49,5,501
2013 / 10,Brooklyn,17,4218.46,306.46,323.28,3,317
2013 / 10,Queens,11,3113.11,518.16,331.55,4,411
2013 / 10,Queens,01,4149.84,542.43,455.86,4,401
2013 / 10,Bronx,07,3615.58,223.36,276.67,2,207
2013 / 10,Brooklyn,14,4865.72,441.8,279.2,3,314
2013 / 10,Queens,02,2855.76,373.25,277.52,4,402
2013 / 10,Manhattan,11,2254.85,195.46,149.17,1,111
2013 / 10,Queens,04,4239.15,333.31,282.51,4,404
2013 / 10,Bronx,01,1950.46,88.26,96.22,2,201
2013 / 10,Brooklyn,12,6177.63,665.36,346.53,3,312
2013 / 10,Brooklyn,01,5065.44,502.56,379.69,3,301
2013 / 10,Manhattan,07,5482.51,1032.68,626.64,1,107
2013 / 10,Bronx,10,2415.1,313.52,270.15,2,210
2013 / 10,Bronx,05,3410.39,165.06,225.75,2,205
2013 / 10,Brooklyn,09,3135.23,222.51,163.78,3,309
2013 / 10,Queens,07,6621.43,818.04,513.05,4,407
2013 / 10,Bronx,11,2919.25,274.68,246.56,2,211
2013 / 10,Brooklyn,03,4033.28,258.41,228.66,3,303
2013 / 10,Brooklyn,06,2310.19,569.71,359.4,3,306
2013 / 10,Manhattan,03,3102.04,320.67,256.21,1,103
2013 / 10,Staten Island,02,4319.37,578.45,436.62,5,502
2013 / 10,Manhattan,01,1364.36,352.27,195.61,1,101
2013 / 10,Manhattan,06,3059.12,510.1,356.7,1,106
2013 / 10,Bronx,03,1853.1,98.8,103.44,2,203
2014 / 01,Brooklyn,03,3698.77,271.84,246.66,3,303
2014 / 01,Bronx,07,3485.3,248.1,318.97,2,207
2014 / 01,Brooklyn,09,2872.09,250.67,198.23,3,309
2014 / 01,Manhattan,10,2771.1,238.17,204.25,1,110
2014 / 01,Bronx,11,2691.63,303.67,277.91,2,211
2014 / 01,Manhattan,02,2123.79,434.66,316.28,1,102
2014 / 01,Brooklyn,06,2241.11,612.81,419.17,3,306
2014 / 01,Queens,03,4311.45,410.24,420.49,4,403
2014 / 01,Bronx,02,1528.9,91.08,109.4,2,202
2014 / 01,Brooklyn,01,4727.04,520.13,434.56,3,301
2014 / 01,Bronx,12,3346.55,369.08,446.89,2,212
2014 / 01,Queens,12,5371.91,472.38,620.06,4,412
2014 / 01,Manhattan,05,1301.63,245.91,174.49,1,105
2014 / 01,Bronx,10,2217.51,355.74,311.15,2,210
2014 / 01,Brooklyn,15,4138.63,622.87,430.58,3,315
2014 / 01,Queens,05,4407.69,695.29,630.51,4,405
2014 / 01,Brooklyn,16,1783.89,108.15,119.36,3,316
2014 / 01,Queens,14,2716.01,223.54,183.2,4,414
2014 / 01,Manhattan,11,2153.02,217.2,173.6,1,111
2014 / 01,Queens,11,2492.49,531.09,362.18,4,411
2014 / 01,Queens,10,3087.86,399.26,408.73,4,410
2014 / 01,Queens,13,4140.14,520.4,624.72,4,413
2014 / 01,Bronx,03,1826.94,120.32,117.28,2,203
2014 / 01,Brooklyn,12,5718.81,708.1,367.34,3,312
2014 / 01,Brooklyn,13,1988.92,174.21,168.12,3,313
2014 / 01,Manhattan,07,5211.44,1068.26,755.58,1,107
2014 / 01,Brooklyn,10,3131.35,568.49,393.39,3,310
2014 / 01,Staten Island,03,4951.78,959.83,715.94,5,503
2014 / 01,Queens,06,2617.33,437.4,332.21,4,406
2014 / 01,Queens,02,2665.38,390.71,325.22,4,402
2014 / 01,Manhattan,12,4906.04,488.9,494.45,1,112
2014 / 01,Brooklyn,05,4009.91,254.16,328.86,3,305
2014 / 01,Brooklyn,08,2468.72,240.36,228.1,3,308
2014 / 01,Manhattan,08,5494.3,1178.47,781.76,1,108
2014 / 01,Bronx,05,3326.21,171.76,233.24,2,205
2014 / 01,Bronx,01,1883.9,82.88,94.42,2,201
2014 / 01,Manhattan,01,1299.19,386.36,228.14,1,101
2014 / 01,Manhattan,03,2971.85,357.66,307.73,1,103
2014 / 01,Bronx,04,4044.98,175.97,201.85,2,204
2014 / 01,Brooklyn,04,2892.5,204.02,264.51,3,304
2014 / 01,Queens,08,3237.96,485.78,357.42,4,408
2014 / 01,Queens,07,5734.7,864.12,573.84,4,407
2014 / 01,Brooklyn,18,4569.48,582.89,510.27,3,318
2014 / 01,Manhattan,09,2364.08,281.34,227.51,1,109
2014 / 01,Brooklyn,11,4560.65,691.49,478.45,3,311
2014 / 01,Staten Island,01,4311.69,675.1,636.73,5,501
2014 / 01,Brooklyn,14,4530.37,456.12,320.7,3,314
2014 / 01,Brooklyn,07,3166.47,435.18,365.71,3,307
2014 / 01,Queens,04,3992.94,376.9,339.17,4,404
2014 / 01,Bronx,08,2349.99,329.24,295.21,2,208
2014 / 01,Bronx,06,2018.38,123.09,151.12,2,206
2014 / 01,Brooklyn,17,3802.35,308.09,358.21,3,317
2014 / 01,Brooklyn,02,2332.12,467.06,351.47,3,302
2014 / 01,Queens,01,3869.36,609.54,542.63,4,401
2014 / 01,Manhattan,04,2349.36,450.74,397.36,1,104
2014 / 01,Staten Island,02,3562.23,635.92,518.19,5,502
2014 / 01,Queens,09,3491.86,436.42,436.88,4,409
2014 / 01,Manhattan,06,2875.01,532.13,441.52,1,106
2014 / 01,Bronx,09,3543.7,190.35,257.44,2,209
2014 / 02,Manhattan,08,4874.67,948.38,620.37,1,108
2014 / 02,Queens,05,3689.5,544.98,514.87,4,405
2014 / 02,Manhattan,02,1936.81,362.57,262.54,1,102
2014 / 02,Bronx,10,1927.71,269.68,241.92,2,210
2014 / 02,Bronx,05,3079.34,148.03,194.76,2,205
2014 / 02,Queens,06,2228.71,345.95,262.16,4,406
2014 / 02,Queens,10,2636.5,325.87,329.19,4,410
2014 / 02,Bronx,09,3062.44,145.62,185.38,2,209
2014 / 02,Queens,04,3399.87,281.56,257.79,4,404
2014 / 02,Queens,13,3440.33,405.5,490.0,4,413
2014 / 02,Brooklyn,08,2205.73,199.92,188.04,3,308
2014 / 02,Staten Island,02,2919.44,471.09,379.56,5,502
2014 / 02,Brooklyn,05,3489.96,197.31,238.65,3,305
2014 / 02,Bronx,06,1877.87,89.48,112.77,2,206
2014 / 02,Queens,01,3276.38,462.64,430.26,4,401
2014 / 02,Manhattan,11,1907.14,159.52,126.58,1,111
2014 / 02,Brooklyn,14,3994.73,401.62,272.97,3,314
2014 / 02,Manhattan,06,2588.87,434.82,346.56,1,106
2014 / 02,Brooklyn,06,1887.57,484.96,336.29,3,306
2014 / 02,Manhattan,12,4297.54,348.94,355.16,1,112
2014 / 02,Queens,09,3011.04,351.25,358.37,4,409
2014 / 02,Brooklyn,13,1777.04,144.44,132.1,3,313
2014 / 02,Brooklyn,03,3309.57,212.45,194.22,3,303
2014 / 02,Bronx,01,1717.79,75.02,79.83,2,201
2014 / 02,Brooklyn,10,2667.76,450.82,316.62,3,310
2014 / 02,Manhattan,03,2688.54,260.55,223.25,1,103
2014 / 02,Bronx,07,3258.51,201.18,244.99,2,207
2014 / 02,Manhattan,07,4530.13,855.69,606.2,1,107
2014 / 02,Brooklyn,01,4300.81,415.06,338.78,3,301
2014 / 02,Brooklyn,07,2735.61,360.38,302.91,3,307
2014 / 02,Bronx,11,2356.3,233.42,214.44,2,211
2014 / 02,Brooklyn,15,3583.32,525.23,350.44,3,315
2014 / 02,Brooklyn,04,2628.26,165.78,215.64,3,304
2014 / 02,Manhattan,05,1176.21,197.32,139.52,1,105
2014 / 02,Manhattan,09,2104.03,211.63,182.55,1,109
2014 / 02,Bronx,08,2092.37,266.91,246.11,2,208
2014 / 02,Manhattan,10,2346.57,176.94,146.02,1,110
2014 / 02,Queens,12,4691.25,372.39,499.2,4,412
2014 / 02,Bronx,03,1662.54,81.7,85.14,2,203
2014 / 02,Queens,14,2322.93,186.43,144.41,4,414
2014 / 02,Bronx,12,2857.15,269.16,332.77,2,212
2014 / 02,Queens,03,3714.59,309.04,334.05,4,403
2014 / 02,Queens,08,2737.24,386.51,289.88,4,408
2014 / 02,Queens,07,4850.86,643.38,453.55,4,407
2014 / 02,Brooklyn,11,3876.61,556.87,393.45,3,311
2014 / 02,Staten Island,03,3896.72,689.83,499.41,5,503
2014 / 02,Manhattan,01,1227.61,307.66,187.86,1,101
2014 / 02,Brooklyn,16,1664.41,77.23,89.13,3,316
2014 / 02,Brooklyn,02,2030.9,356.75,270.12,3,302
2014 / 02,Queens,11,2091.87,408.96,292.11,4,411
2014 / 02,Bronx,04,3750.75,166.41,173.97,2,204
2014 / 02,Brooklyn,09,2499.56,184.64,143.27,3,309
2014 / 02,Brooklyn,17,3314.74,246.75,286.61,3,317
2014 / 02,Brooklyn,12,5141.8,647.52,319.28,3,312
2014 / 02,Staten Island,01,3546.19,504.56,467.41,5,501
2014 / 02,Queens,02,2264.07,321.19,270.97,4,402
2014 / 02,Manhattan,04,2080.72,356.21,308.83,1,104
2014 / 02,Brooklyn,18,3872.94,478.5,405.57,3,318
2014 / 02,Bronx,02,1391.07,65.87,79.33,2,202
2014 / 03,Manhattan,07,4985.19,930.21,638.78,1,107
2014 / 03,Brooklyn,09,2957.87,222.36,159.77,3,309
2014 / 03,Queens,07,5788.71,788.45,532.06,4,407
2014 / 03,Queens,01,3916.84,540.25,493.31,4,401
2014 / 03,Manhattan,12,4927.94,372.81,377.3,1,112
2014 / 03,Staten Island,03,4967.29,740.01,539.45,5,503
2014 / 03,Bronx,11,2784.58,270.93,251.05,2,211
2014 / 03,Queens,06,2570.87,390.36,283.44,4,406
2014 / 03,Bronx,06,2136.0,101.45,119.51,2,206
2014 / 03,Bronx,09,3708.8,174.81,242.04,2,209
2014 / 03,Queens,10,3302.88,361.69,360.26,4,410
2014 / 03,Brooklyn,18,4831.88,537.71,449.69,3,318
2014 / 03,Manhattan,10,2735.88,190.8,156.12,1,110
2014 / 03,Bronx,08,2294.58,306.44,262.53,2,208
2014 / 03,Brooklyn,07,3064.97,384.29,322.2,3,307
2014 / 03,Manhattan,06,2732.89,455.43,345.87,1,106
2014 / 03,Bronx,02,1544.48,77.92,90.25,2,202
2014 / 03,Staten Island,02,3736.34,541.53,414.76,5,502
2014 / 03,Manhattan,04,2208.57,380.8,311.47,1,104
2014 / 03,Manhattan,09,2382.63,229.9,201.6,1,109
2014 / 03,Queens,11,2575.27,478.31,327.94,4,411
2014 / 03,Brooklyn,06,2126.16,520.43,354.13,3,306
2014 / 03,Brooklyn,01,5122.66,466.89,389.1,3,301
2014 / 03,Queens,02,2722.19,355.76,286.25,4,402
2014 / 03,Brooklyn,12,6202.62,702.4,386.37,3,312
2014 / 03,Bronx,12,3579.82,337.11,404.14,2,212
2014 / 03,Queens,05,4448.89,608.82,564.45,4,405
2014 / 03,Manhattan,01,1280.25,341.44,193.01,1,101
2014 / 03,Brooklyn,13,2025.37,142.69,137.57,3,313
2014 / 03,Bronx,03,1871.32,95.88,95.26,2,203
2014 / 03,Brooklyn,04,2975.31,190.8,246.93,3,304
2014 / 03,Brooklyn,03,3915.1,243.59,217.42,3,303
2014 / 03,Manhattan,08,5125.06,1004.95,646.81,1,108
2014 / 03,Staten Island,01,4691.34,590.95,547.31,5,501
2014 / 03,Bronx,10,2273.23,302.86,272.8,2,210
2014 / 03,Bronx,01,1966.89,92.55,95.37,2,201
2014 / 03,Queens,04,3903.47,308.2,277.54,4,404
2014 / 03,Brooklyn,05,4154.73,225.23,269.04,3,305
2014 / 03,Queens,08,3261.55,456.56,327.97,4,408
2014 / 03,Bronx,04,4235.93,212.93,207.23,2,204
2014 / 03,Brooklyn,10,3002.6,483.67,338.92,3,310
2014 / 03,Manhattan,02,1972.42,393.47,272.51,1,102
2014 / 03,Queens,12,5760.07,453.02,583.51,4,412
2014 / 03,Brooklyn,15,4188.79,571.62,387.58,3,315
2014 / 03,Queens,03,4354.6,334.09,350.15,4,403
2014 / 03,Manhattan,11,2131.73,165.96,137.55,1,111
2014 / 03,Bronx,05,3474.36,185.54,235.04,2,205
2014 / 03,Brooklyn,02,2351.56,391.63,290.17,3,302
2014 / 03,Manhattan,03,2810.29,277.43,239.14,1,103
2014 / 03,Manhattan,05,1265.32,205.39,141.9,1,105
2014 / 03,Queens,09,3634.37,402.93,395.34,4,409
2014 / 03,Queens,13,4426.88,485.26,566.29,4,413
2014 / 03,Queens,14,2886.03,215.3,168.85,4,414
2014 / 03,Brooklyn,14,4717.67,459.94,310.78,3,314
2014 / 03,Brooklyn,08,2593.42,214.48,200.66,3,308
2014 / 03,Bronx,07,3672.36,232.77,284.49,2,207
2014 / 03,Brooklyn,11,4395.84,583.35,401.07,3,311
2014 / 03,Brooklyn,17,3935.18,293.94,319.75,3,317
2014 / 03,Brooklyn,16,1848.86,95.84,100.54,3,316
2014 / 04,Queens,09,4105.18,432.63,409.88,4,409
2014 / 04,Queens,13,5506.03,532.64,604.04,4,413
2014 / 04,Bronx,12,3904.9,361.32,429.48,2,212
2014 / 04,Manhattan,03,2990.17,305.14,257.27,1,103
2014 / 04,Bronx,04,4220.37,218.59,218.77,2,204
2014 / 04,Brooklyn,03,4077.13,274.99,237.02,3,303
2014 / 04,Brooklyn,06,2364.66,556.4,364.33,3,306
2014 / 04,Brooklyn,13,2161.51,177.27,159.6,3,313
2014 / 04,Manhattan,04,2292.4,398.99,316.39,1,104
2014 / 04,Bronx,05,3484.34,192.63,247.94,2,205
2014 / 04,Manhattan,09,2483.99,243.34,206.83,1,109
2014 / 04,Manhattan,05,1300.48,269.12,165.85,1,105
2014 / 04,Brooklyn,11,4878.57,667.2,440.33,3,311
2014 / 04,Queens,01,4246.51,563.43,505.85,4,401
2014 / 04,Bronx,11,3023.32,284.48,261.54,2,211
2014 / 04,Staten Island,03,6162.85,841.86,643.43,5,503
2014 / 04,Bronx,03,1881.67,125.55,121.22,2,203
2014 / 04,Brooklyn,07,3389.37,422.13,339.82,3,307
2014 / 04,Manhattan,01,1319.51,329.12,184.75,1,101
2014 / 04,Manhattan,11,2165.37,207.91,164.08,1,111
2014 / 04,Manhattan,12,5026.03,434.81,422.58,1,112
2014 / 04,Brooklyn,15,4614.74,638.61,427.22,3,315
2014 / 04,Bronx,01,1919.75,98.33,105.3,2,201
2014 / 04,Queens,05,5088.97,645.53,584.66,4,405
2014 / 04,Brooklyn,02,2514.03,418.03,307.27,3,302
2014 / 04,Brooklyn,12,6406.85,701.72,418.12,3,312
2014 / 04,Manhattan,08,5584.27,1118.36,682.68,1,108
2014 / 04,Queens,04,4216.23,330.25,284.15,4,404
2014 / 04,Manhattan,06,2927.23,484.39,345.06,1,106
2014 / 04,Bronx,07,3665.77,249.41,295.67,2,207
2014 / 04,Staten Island,02,4446.79,591.52,478.94,5,502
2014 / 04,Brooklyn,10,3327.32,545.77,358.81,3,310
2014 / 04,Brooklyn,04,3162.79,191.68,243.36,3,304
2014 / 04,Queens,02,2893.58,385.43,299.18,4,402
2014 / 04,Queens,07,6589.31,812.7,566.81,4,407
2014 / 04,Brooklyn,17,4280.96,325.68,339.95,3,317
2014 / 04,Queens,12,6614.24,474.7,599.44,4,412
2014 / 04,Brooklyn,05,4479.4,266.28,310.6,3,305
2014 / 04,Brooklyn,14,4862.72,449.22,321.04,3,314
2014 / 04,Manhattan,10,2788.9,229.39,194.3,1,110
2014 / 04,Queens,10,3847.38,400.05,378.47,4,410
2014 / 04,Staten Island,01,5413.63,610.6,591.02,5,501
2014 / 04,Bronx,02,1518.89,74.83,93.47,2,202
2014 / 04,Queens,11,3133.98,522.57,368.28,4,411
2014 / 04,Brooklyn,09,3123.1,234.91,180.17,3,309
2014 / 04,Queens,03,4798.17,358.55,362.66,4,403
2014 / 04,Brooklyn,16,1931.18,101.45,113.56,3,316
2014 / 04,Brooklyn,08,2696.06,241.32,223.77,3,308
2014 / 04,Brooklyn,01,5319.77,503.15,383.1,3,301
2014 / 04,Queens,08,3742.58,487.35,345.62,4,408
2014 / 04,Queens,06,2881.37,419.57,292.61,4,406
2014 / 04,Manhattan,02,2089.72,437.48,303.54,1,102
2014 / 04,Manhattan,07,5258.65,998.82,644.74,1,107
2014 / 04,Bronx,06,2202.0,132.5,157.6,2,206
2014 / 04,Bronx,08,2425.09,340.21,293.21,2,208
2014 / 04,Brooklyn,18,5388.17,597.75,473.18,3,318
2014 / 04,Bronx,09,3862.22,181.93,246.01,2,209
2014 / 04,Bronx,10,2619.58,319.77,297.1,2,210
2014 / 04,Queens,14,3208.04,225.43,177.33,4,414
2014 / 05,Bronx,08,2511.79,331.73,276.69,2,208
2014 / 05,Manhattan,08,5799.13,1267.17,727.31,1,108
2014 / 05,Staten Island,02,5047.81,610.83,512.28,5,502
2014 / 05,Manhattan,09,2711.99,329.84,246.27,1,109
2014 / 05,Brooklyn,12,6425.33,732.04,383.06,3,312
2014 / 05,Manhattan,11,2311.43,188.48,147.43,1,111
2014 / 05,Manhattan,04,2421.58,512.44,382.83,1,104
2014 / 05,Manhattan,03,3145.38,354.87,289.27,1,103
2014 / 05,Queens,10,4449.66,416.84,381.94,4,410
2014 / 05,Brooklyn,14,5115.68,451.66,294.58,3,314
2014 / 05,Brooklyn,13,2310.08,168.11,158.52,3,313
2014 / 05,Manhattan,02,2185.15,432.69,272.65,1,102
2014 / 05,Manhattan,06,3112.82,647.98,418.11,1,106
2014 / 05,Brooklyn,07,3520.05,426.91,347.02,3,307
2014 / 05,Queens,12,7595.06,512.3,648.59,4,412
2014 / 05,Brooklyn,15,4871.26,624.68,407.46,3,315
2014 / 05,Brooklyn,11,5140.08,671.42,436.96,3,311
2014 / 05,Brooklyn,09,3259.57,267.81,189.26,3,309
2014 / 05,Brooklyn,17,4642.02,329.29,347.59,3,317
2014 / 05,Brooklyn,06,2448.59,604.94,400.92,3,306
2014 / 05,Staten Island,01,6037.64,641.01,640.1,5,501
2014 / 05,Queens,01,4472.98,595.53,497.55,4,401
2014 / 05,Queens,11,3530.96,542.09,368.78,4,411
2014 / 05,Bronx,11,3299.16,304.2,276.38,2,211
2014 / 05,Brooklyn,01,5378.65,555.47,406.97,3,301
2014 / 05,Queens,04,4495.04,362.51,302.32,4,404
2014 / 05,Brooklyn,03,4361.88,257.77,230.43,3,303
2014 / 05,Manhattan,07,5503.09,1194.38,689.51,1,107
2014 / 05,Bronx,01,1992.37,87.75,91.94,2,201
2014 / 05,Brooklyn,02,2626.64,423.05,308.69,3,302
2014 / 05,Bronx,05,3624.27,195.85,243.84,2,205
2014 / 05,Queens,05,5466.16,685.53,596.88,4,405
2014 / 05,Bronx,12,4272.35,370.36,439.08,2,212
2014 / 05,Bronx,07,3771.01,237.09,293.34,2,207
2014 / 05,Queens,03,5243.63,409.65,379.17,4,403
2014 / 05,Brooklyn,08,2821.46,216.22,193.92,3,308
2014 / 05,Manhattan,05,1373.9,274.37,155.18,1,105
2014 / 05,Queens,09,4544.02,440.03,415.71,4,409
2014 / 05,Manhattan,01,1410.86,411.08,225.84,1,101
2014 / 05,Bronx,10,2831.66,360.04,337.52,2,210
2014 / 05,Manhattan,12,5248.6,454.37,432.69,1,112
2014 / 05,Queens,07,7247.05,896.26,596.31,4,407
2014 / 05,Queens,02,3077.1,400.55,302.7,4,402
2014 / 05,Bronx,04,4375.11,185.4,208.56,2,204
2014 / 05,Bronx,03,1885.34,86.43,94.2,2,203
2014 / 05,Brooklyn,18,6044.33,626.92,503.14,3,318
2014 / 05,Staten Island,03,6919.23,871.2,716.34,5,503
2014 / 05,Queens,14,3538.54,253.97,202.5,4,414
2014 / 05,Brooklyn,16,2036.97,114.1,125.76,3,316
2014 / 05,Bronx,02,1585.93,97.24,119.53,2,202
2014 / 05,Queens,13,6396.8,589.81,650.01,4,413
2014 / 05,Bronx,06,2249.43,99.97,131.56,2,206
2014 / 05,Brooklyn,05,4862.05,244.21,289.29,3,305
2014 / 05,Queens,08,4051.23,521.9,342.81,4,408
2014 / 05,Manhattan,10,2935.17,236.7,190.02,1,110
2014 / 05,Queens,06,3029.26,464.41,292.1,4,406
2014 / 05,Brooklyn,10,3477.19,545.17,366.85,3,310
2014 / 05,Bronx,09,4131.68,214.65,269.1,2,209
2014 / 05,Brooklyn,04,3406.61,211.21,253.41,3,304
2014 / 06,Manhattan,06,2822.76,522.99,334.64,1,106
2014 / 06,Queens,11,3245.45,557.42,378.87,4,411
2014 / 06,Bronx,11,3120.39,304.11,276.88,2,211
2014 / 06,Bronx,12,3988.87,382.4,449.73,2,212
2014 / 06,Queens,01,4251.45,613.29,520.09,4,401
2014 / 06,Queens,06,2873.51,449.38,285.69,4,406
2014 / 06,Bronx,06,2136.04,105.15,134.59,2,206
2014 / 06,Brooklyn,18,5780.18,608.52,491.41,3,318
2014 / 06,Staten Island,02,4817.62,621.27,544.03,5,502
2014 / 06,Bronx,02,1516.62,79.34,98.71,2,202
2014 / 06,Staten Island,03,6344.31,848.98,740.24,5,503
2014 / 06,Manhattan,08,5341.51,1183.36,641.47,1,108
2014 / 06,Brooklyn,02,2443.83,440.45,296.82,3,302
2014 / 06,Bronx,03,1816.16,101.0,100.13,2,203
2014 / 06,Brooklyn,17,4590.32,332.0,360.2,3,317
2014 / 06,Manhattan,07,5134.73,1114.26,664.37,1,107
2014 / 06,Brooklyn,10,3382.01,565.19,371.25,3,310
2014 / 06,Manhattan,09,2493.46,257.17,195.4,1,109
2014 / 06,Manhattan,04,2269.74,434.53,314.6,1,104
2014 / 06,Brooklyn,04,3214.86,219.55,254.43,3,304
2014 / 06,Bronx,10,2617.88,331.14,313.53,2,210
2014 / 06,Bronx,07,3629.73,251.13,307.12,2,207
2014 / 06,Manhattan,12,5034.5,404.19,394.09,1,112
2014 / 06,Brooklyn,09,3155.35,221.63,165.74,3,309
2014 / 06,Queens,05,4945.74,678.44,592.27,4,405
2014 / 06,Queens,13,5997.35,563.48,649.7,4,413
2014 / 06,Queens,10,4239.52,440.63,402.87,4,410
2014 / 06,Bronx,08,2383.06,324.8,281.52,2,208
2014 / 06,Queens,04,4343.35,362.53,280.28,4,404
2014 / 06,Bronx,09,3863.37,196.52,254.6,2,209
2014 / 06,Brooklyn,16,1972.24,98.85,107.55,3,316
2014 / 06,Queens,09,4283.27,476.81,429.44,4,409
2014 / 06,Queens,14,3473.47,236.93,187.22,4,414
2014 / 06,Manhattan,03,2974.36,315.54,240.21,1,103
2014 / 06,Brooklyn,01,4985.95,488.78,382.09,3,301
2014 / 06,Brooklyn,15,4565.32,608.08,401.5,3,315
2014 / 06,Manhattan,05,1286.84,257.19,143.91,1,105
2014 / 06,Staten Island,01,5764.72,650.15,687.27,5,501
2014 / 06,Brooklyn,03,4173.0,267.58,240.0,3,303
2014 / 06,Queens,02,2913.09,416.7,293.27,4,402
2014 / 06,Brooklyn,05,4550.41,260.16,312.28,3,305
2014 / 06,Manhattan,02,2037.28,457.19,292.87,1,102
2014 / 06,Manhattan,01,1283.46,356.05,205.61,1,101
2014 / 06,Brooklyn,12,6103.15,678.72,367.81,3,312
2014 / 06,Bronx,04,4178.95,208.87,228.81,2,204
2014 / 06,Brooklyn,13,2208.13,167.12,151.96,3,313
2014 / 06,Brooklyn,14,4940.11,479.11,320.14,3,314
2014 / 06,Brooklyn,06,2226.85,592.04,392.97,3,306
2014 / 06,Manhattan,10,2835.23,217.27,171.73,1,110
2014 / 06,Queens,07,6870.55,881.37,594.08,4,407
2014 / 06,Brooklyn,07,3348.9,456.56,355.63,3,307
2014 / 06,Brooklyn,11,4937.02,659.94,429.8,3,311
2014 / 06,Queens,08,3803.46,512.88,344.49,4,408
2014 / 06,Brooklyn,08,2792.22,249.17,223.58,3,308
2014 / 06,Manhattan,11,2228.99,194.77,141.48,1,111
2014 / 06,Queens,12,7260.22,513.16,655.32,4,412
2014 / 06,Queens,03,4933.8,392.35,358.83,4,403
2014 / 06,Bronx,05,3425.57,192.13,248.6,2,205
2014 / 06,Bronx,01,1949.72,105.75,108.56,2,201
2014 / 07,Queens,09,4547.36,463.94,443.03,4,409
2014 / 07,Manhattan,10,2998.75,247.28,198.64,1,110
2014 / 07,Bronx,11,3310.56,309.95,284.15,2,211
2014 / 07,Brooklyn,08,2851.72,255.3,233.17,3,308
2014 / 07,Queens,14,3717.8,238.5,209.0,4,414
2014 / 07,Brooklyn,15,4535.46,573.25,390.91,3,315
2014 / 07,Queens,06,3064.81,442.35,298.39,4,406
2014 / 07,Brooklyn,13,2344.71,171.97,161.44,3,313
2014 / 07,Bronx,10,2766.05,329.26,323.05,2,210
2014 / 07,Brooklyn,14,5075.49,417.67,291.16,3,314
2014 / 07,Manhattan,08,5203.59,1042.12,631.22,1,108
2014 / 07,Brooklyn,09,3226.07,224.61,178.98,3,309
2014 / 07,Brooklyn,01,4484.29,464.02,411.39,3,301
2014 / 07,Bronx,04,4485.96,209.94,232.54,2,204
2014 / 07,Brooklyn,03,4234.25,276.34,259.78,3,303
2014 / 07,Brooklyn,18,6178.1,598.42,523.54,3,318
2014 / 07,Staten Island,03,6218.99,835.91,751.86,5,503
2014 / 07,Queens,12,7725.53,522.92,694.14,4,412
2014 / 07,Bronx,06,2311.36,130.65,164.44,2,206
2014 / 07,Staten Island,01,5798.99,633.88,680.35,5,501
2014 / 07,Queens,13,6347.86,587.22,699.65,4,413
2014 / 07,Brooklyn,07,3557.73,435.88,359.56,3,307
2014 / 07,Bronx,01,2037.55,100.89,106.57,2,201
2014 / 07,Bronx,08,2540.17,348.48,304.46,2,208
2014 / 07,Manhattan,07,5053.34,981.19,616.97,1,107
2014 / 07,Brooklyn,05,5015.73,274.44,336.16,3,305
2014 / 07,Queens,02,3136.08,422.98,315.66,4,402
2014 / 07,Queens,10,4453.74,419.63,404.1,4,410
2014 / 07,Queens,01,4486.0,578.4,524.51,4,401
2014 / 07,Brooklyn,11,5264.6,661.45,443.37,3,311
2014 / 07,Brooklyn,17,4907.07,343.76,386.21,3,317
2014 / 07,Manhattan,06,2939.06,496.5,360.39,1,106
2014 / 07,Manhattan,05,1305.35,268.39,160.94,1,105
2014 / 07,Queens,05,5052.41,684.38,609.45,4,405
2014 / 07,Bronx,02,1640.73,86.37,109.89,2,202
2014 / 07,Bronx,07,3876.22,266.4,326.48,2,207
2014 / 07,Manhattan,12,5172.43,481.37,477.92,1,112
2014 / 07,Manhattan,03,3126.06,327.12,274.03,1,103
2014 / 07,Bronx,12,4351.22,391.9,479.23,2,212
2014 / 07,Manhattan,01,1300.07,300.09,182.04,1,101
2014 / 07,Brooklyn,02,2437.0,396.85,302.03,3,302
2014 / 07,Queens,07,7254.36,857.61,601.94,4,407
2014 / 07,Queens,08,4084.54,498.21,343.26,4,408
2014 / 07,Bronx,09,4136.65,206.97,269.59,2,209
2014 / 07,Brooklyn,10,3506.2,548.21,375.15,3,310
2014 / 07,Manhattan,04,2334.34,400.77,332.68,1,104
2014 / 07,Manhattan,11,2290.36,217.65,170.18,1,111
2014 / 07,Manhattan,02,1973.52,403.52,281.32,1,102
2014 / 07,Queens,04,4688.39,382.58,306.23,4,404
2014 / 07,Brooklyn,04,3430.37,212.67,264.03,3,304
2014 / 07,Bronx,03,1964.93,129.53,126.36,2,203
2014 / 07,Brooklyn,06,2294.57,535.2,373.4,3,306
2014 / 07,Staten Island,02,4750.21,611.8,541.51,5,502
2014 / 07,Bronx,05,3713.38,189.82,258.94,2,205
2014 / 07,Queens,11,3292.0,535.55,387.37,4,411
2014 / 07,Brooklyn,12,5326.39,567.76,328.45,3,312
2014 / 07,Manhattan,09,2563.04,244.79,201.66,1,109
2014 / 07,Brooklyn,16,2150.61,100.85,122.22,3,316
2014 / 07,Queens,03,5314.28,406.01,391.38,4,403
2014 / 08,Staten Island,03,5525.94,743.99,643.01,5,503
2014 / 08,Bronx,01,1890.07,89.65,98.87,2,201
2014 / 08,Brooklyn,06,2057.98,522.43,345.5,3,306
2014 / 08,Queens,05,4718.56,623.57,551.86,4,405
2014 / 08,Manhattan,07,4722.18,910.38,597.07,1,107
2014 / 08,Brooklyn,11,4855.59,622.69,417.42,3,311
2014 / 08,Manhattan,09,2419.1,285.5,216.82,1,109
2014 / 08,Queens,07,6628.54,823.34,567.3,4,407
2014 / 08,Bronx,10,2445.81,311.95,300.26,2,210
2014 / 08,Brooklyn,09,3025.22,224.26,183.1,3,309
2014 / 08,Brooklyn,14,4693.38,398.57,285.36,3,314
2014 / 08,Brooklyn,13,2205.18,158.24,152.16,3,313
2014 / 08,Bronx,04,4118.33,195.91,227.85,2,204
2014 / 08,Bronx,06,2106.3,101.71,127.92,2,206
2014 / 08,Staten Island,02,4145.21,526.31,457.04,5,502
2014 / 08,Queens,09,4054.29,417.5,387.74,4,409
2014 / 08,Manhattan,03,2955.95,311.16,255.11,1,103
2014 / 08,Queens,01,4058.24,531.39,482.7,4,401
2014 / 08,Queens,13,5712.56,530.1,608.39,4,413
2014 / 08,Brooklyn,03,3947.99,249.68,222.8,3,303
2014 / 08,Manhattan,06,2786.02,482.69,349.21,1,106
2014 / 08,Bronx,03,1786.52,99.27,105.86,2,203
2014 / 08,Staten Island,01,5093.81,578.67,578.23,5,501
2014 / 08,Bronx,08,2308.37,312.26,264.04,2,208
2014 / 08,Manhattan,05,1226.94,214.54,136.02,1,105
2014 / 08,Bronx,05,3431.87,187.33,252.98,2,205
2014 / 08,Manhattan,12,4862.75,407.96,408.31,1,112
2014 / 08,Manhattan,02,1880.64,346.41,246.73,1,102
2014 / 08,Bronx,12,3902.13,367.4,441.29,2,212
2014 / 08,Brooklyn,07,3279.8,399.13,326.44,3,307
2014 / 08,Brooklyn,10,3170.51,500.36,338.95,3,310
2014 / 08,Manhattan,08,4796.07,963.56,603.66,1,108
2014 / 08,Manhattan,01,1208.04,319.9,184.95,1,101
2014 / 08,Bronx,02,1511.43,83.55,105.47,2,202
2014 / 08,Brooklyn,17,4474.24,313.05,355.58,3,317
2014 / 08,Queens,08,3720.33,469.5,312.76,4,408
2014 / 08,Brooklyn,15,4218.41,527.52,362.26,3,315
2014 / 08,Brooklyn,02,2290.47,374.93,276.4,3,302
2014 / 08,Brooklyn,16,2011.34,102.17,117.3,3,316
2014 / 08,Manhattan,11,2116.76,180.65,143.7,1,111
2014 / 08,Brooklyn,18,5587.93,556.5,477.88,3,318
2014 / 08,Queens,06,2814.16,421.95,270.7,4,406
2014 / 08,Bronx,11,2982.66,286.25,263.83,2,211
2014 / 08,Brooklyn,08,2692.54,219.09,194.33,3,308
2014 / 08,Manhattan,10,2769.91,219.03,175.5,1,110
2014 / 08,Manhattan,04,2203.35,408.47,343.11,1,104
2014 / 08,Queens,02,2822.7,383.01,278.25,4,402
2014 / 08,Brooklyn,01,4259.51,442.97,346.96,3,301
2014 / 08,Queens,11,3016.28,489.79,335.09,4,411
2014 / 08,Brooklyn,04,3157.03,200.08,244.24,3,304
2014 / 08,Queens,14,3399.45,226.11,185.69,4,414
2014 / 08,Bronx,07,3552.22,231.18,306.45,2,207
2014 / 08,Brooklyn,05,4462.57,236.63,288.35,3,305
2014 / 08,Bronx,09,3786.75,187.1,253.11,2,209
2014 / 08,Queens,04,4286.51,334.44,279.64,4,404
2014 / 08,Queens,03,4854.09,377.29,351.5,4,403
2014 / 08,Queens,10,3899.81,374.34,345.57,4,410
2014 / 08,Queens,12,6923.28,479.52,616.93,4,412
2014 / 08,Brooklyn,12,4888.11,532.39,302.2,3,312
2014 / 09,Queens,10,3857.48,380.23,348.23,4,410
2014 / 09,Bronx,07,3629.29,238.39,306.12,2,207
2014 / 09,Brooklyn,17,4385.79,306.41,349.75,3,317
2014 / 09,Queens,05,4784.57,630.29,549.14,4,405
2014 / 09,Bronx,12,3835.04,350.44,427.34,2,212
2014 / 09,Bronx,02,1514.95,71.35,94.5,2,202
2014 / 09,Bronx,03,1808.89,109.9,111.79,2,203
2014 / 09,Bronx,08,2386.91,342.65,291.63,2,208
2014 / 09,Bronx,10,2493.67,312.76,286.39,2,210
2014 / 09,Brooklyn,14,5020.23,467.93,299.76,3,314
2014 / 09,Manhattan,12,5051.32,435.93,408.98,1,112
2014 / 09,Brooklyn,04,3157.94,195.84,238.69,3,304
2014 / 09,Brooklyn,13,2197.92,159.98,150.85,3,313
2014 / 09,Queens,09,4040.02,427.68,385.56,4,409
2014 / 09,Manhattan,09,2517.08,263.13,195.65,1,109
2014 / 09,Bronx,01,1916.37,108.07,109.37,2,201
2014 / 09,Bronx,06,2131.22,114.9,143.51,2,206
2014 / 09,Staten Island,02,4262.39,540.41,454.47,5,502
2014 / 09,Brooklyn,15,4571.29,596.51,389.85,3,315
2014 / 09,Manhattan,10,2804.51,231.36,180.28,1,110
2014 / 09,Queens,13,5438.24,510.65,573.33,4,413
2014 / 09,Brooklyn,08,2720.42,248.9,222.92,3,308
2014 / 09,Manhattan,06,2954.79,476.98,334.26,1,106
2014 / 09,Manhattan,05,1313.04,256.09,155.5,1,105
2014 / 09,Manhattan,01,1337.35,345.28,189.28,1,101
2014 / 09,Bronx,05,3518.76,186.34,252.75,2,205
2014 / 09,Manhattan,08,5478.29,1132.26,645.03,1,108
2014 / 09,Queens,01,4126.36,556.33,502.17,4,401
2014 / 09,Queens,02,2849.88,393.14,285.98,4,402
2014 / 09,Brooklyn,12,6302.57,715.05,353.75,3,312
2014 / 09,Brooklyn,10,3324.67,529.58,356.12,3,310
2014 / 09,Brooklyn,01,5177.4,499.95,365.74,3,301
2014 / 09,Manhattan,11,2213.2,193.08,145.08,1,111
2014 / 09,Manhattan,02,2031.92,429.33,282.99,1,102
2014 / 09,Brooklyn,09,3146.66,223.29,169.35,3,309
2014 / 09,Brooklyn,05,4373.86,232.04,290.76,3,305
2014 / 09,Staten Island,01,5188.18,597.05,569.55,5,501
2014 / 09,Queens,14,3313.86,220.86,164.56,4,414
2014 / 09,Queens,08,3818.14,474.9,307.12,4,408
2014 / 09,Queens,07,6666.0,822.47,559.82,4,407
2014 / 09,Queens,12,6649.18,456.43,578.75,4,412
2014 / 09,Manhattan,04,2320.86,420.28,302.43,1,104
2014 / 09,Brooklyn,07,3279.09,429.14,338.98,3,307
2014 / 09,Brooklyn,18,5529.35,567.5,465.78,3,318
2014 / 09,Brooklyn,03,4066.46,286.16,240.58,3,303
2014 / 09,Manhattan,07,5274.61,1068.15,638.76,1,107
2014 / 09,Brooklyn,02,2473.36,418.92,280.32,3,302
2014 / 09,Queens,06,2848.91,414.07,271.65,4,406
2014 / 09,Queens,03,4852.8,353.38,337.17,4,403
2014 / 09,Bronx,11,3031.91,288.97,256.35,2,211
2014 / 09,Bronx,09,3709.85,177.22,234.97,2,209
2014 / 09,Queens,11,3054.4,513.37,356.34,4,411
2014 / 09,Staten Island,03,5564.04,746.78,623.27,5,503
2014 / 09,Bronx,04,4149.55,198.91,230.93,2,204
2014 / 09,Queens,04,4246.14,328.3,263.28,4,404
2014 / 09,Brooklyn,11,4994.98,615.32,412.6,3,311
2014 / 09,Manhattan,03,2999.48,297.81,241.06,1,103
2014 / 09,Brooklyn,06,2192.85,547.24,354.85,3,306
2014 / 09,Brooklyn,16,1970.5,89.33,99.97,3,316
2014 / 10,Queens,12,6468.5,482.03,600.81,4,412
2014 / 10,Brooklyn,17,4211.66,312.55,337.82,3,317
2014 / 10,Manhattan,08,5676.3,1235.01,748.62,1,108
2014 / 10,Bronx,10,2457.55,329.3,301.66,2,210
2014 / 10,Queens,09,4118.61,430.64,396.34,4,409
2014 / 10,Bronx,03,1819.19,99.94,110.76,2,203
2014 / 10,Manhattan,07,5366.57,1182.75,698.72,1,107
2014 / 10,Manhattan,09,2518.64,288.75,228.88,1,109
2014 / 10,Manhattan,05,1347.39,270.52,167.95,1,105
2014 / 10,Staten Island,03,5715.76,867.75,611.09,5,503
2014 / 10,Brooklyn,10,3331.75,555.37,364.85,3,310
2014 / 10,Queens,02,2895.81,403.7,295.26,4,402
2014 / 10,Bronx,08,2407.93,337.79,285.47,2,208
2014 / 10,Queens,07,6683.48,854.24,568.75,4,407
2014 / 10,Bronx,12,3735.4,360.56,426.21,2,212
2014 / 10,Manhattan,04,2393.76,506.02,382.52,1,104
2014 / 10,Queens,06,2852.75,445.43,293.31,4,406
2014 / 10,Brooklyn,04,3049.97,199.83,246.99,3,304
2014 / 10,Brooklyn,09,3214.45,252.35,187.87,3,309
2014 / 10,Manhattan,12,5044.8,472.83,470.8,1,112
2014 / 10,Manhattan,02,2149.17,464.97,298.97,1,102
2014 / 10,Queens,03,4897.03,398.5,374.14,4,403
2014 / 10,Bronx,07,3573.16,244.71,316.06,2,207
2014 / 10,Brooklyn,18,5473.81,592.93,474.89,3,318
2014 / 10,Manhattan,06,3017.69,594.58,424.36,1,106
2014 / 10,Queens,14,3222.79,234.7,178.49,4,414
2014 / 10,Brooklyn,14,4990.51,455.24,303.57,3,314
2014 / 10,Queens,01,4220.38,591.81,516.8,4,401
2014 / 10,Brooklyn,13,2178.9,175.78,156.13,3,313
2014 / 10,Bronx,01,1880.43,89.69,94.78,2,201
2014 / 10,Brooklyn,06,2303.01,618.55,388.18,3,306
2014 / 10,Queens,08,3751.68,492.14,322.13,4,408
2014 / 10,Bronx,04,4127.97,187.98,213.28,2,204
2014 / 10,Brooklyn,16,1959.59,110.35,115.79,3,316
2014 / 10,Bronx,05,3416.54,178.73,245.9,2,205
2014 / 10,Queens,05,4942.31,686.67,583.26,4,405
2014 / 10,Bronx,02,1517.46,86.0,118.68,2,202
2014 / 10,Queens,04,4267.39,359.35,296.23,4,404
2014 / 10,Manhattan,01,1332.81,396.75,222.47,1,101
2014 / 10,Brooklyn,15,4663.69,625.48,413.32,3,315
2014 / 10,Brooklyn,02,2542.49,457.25,316.29,3,302
2014 / 10,Manhattan,11,2230.14,206.53,167.55,1,111
2014 / 10,Bronx,09,3816.38,190.9,253.01,2,209
2014 / 10,Brooklyn,01,5153.65,549.44,404.06,3,301
2014 / 10,Manhattan,10,2832.07,259.46,202.27,1,110
2014 / 10,Brooklyn,08,2739.85,240.17,209.7,3,308
2014 / 10,Brooklyn,12,6528.52,714.74,405.3,3,312
2014 / 10,Staten Island,02,4263.31,608.47,455.83,5,502
2014 / 10,Queens,10,3849.97,391.92,349.25,4,410
2014 / 10,Queens,11,3131.1,523.9,354.54,4,411
2014 / 10,Brooklyn,05,4362.51,242.66,287.82,3,305
2014 / 10,Queens,13,5382.16,537.77,571.4,4,413
2014 / 10,Brooklyn,03,4006.65,282.57,242.66,3,303
2014 / 10,Manhattan,03,3073.33,367.02,294.97,1,103
2014 / 10,Bronx,11,3063.01,294.05,271.38,2,211
2014 / 10,Brooklyn,07,3358.65,425.01,350.38,3,307
2014 / 10,Staten Island,01,5139.6,649.41,564.26,5,501
2014 / 10,Bronx,06,2133.22,108.46,136.87,2,206
2014 / 10,Brooklyn,11,5000.86,663.99,438.22,3,311
2014 / 11,Bronx,12,3499.7,322.23,371.3,2,212
2014 / 11,Queens,04,3860.97,300.49,250.67,4,404
2014 / 11,Bronx,11,2890.06,271.35,238.84,2,211
2014 / 11,Queens,10,3506.78,358.47,318.19,4,410
2014 / 11,Brooklyn,12,5900.29,648.14,322.13,3,312
2014 / 11,Bronx,05,3238.51,193.7,235.04,2,205
2014 / 11,Manhattan,02,2015.56,437.69,278.4,1,102
2014 / 11,Queens,03,4371.7,327.54,316.49,4,403
2014 / 11,Manhattan,01,1293.26,331.18,192.39,1,101
2014 / 11,Manhattan,09,2344.4,257.76,202.57,1,109
2014 / 11,Manhattan,10,2653.45,208.45,162.06,1,110
2014 / 11,Bronx,10,2378.88,307.41,267.91,2,210
2014 / 11,Manhattan,07,5047.27,1095.8,643.91,1,107
2014 / 11,Staten Island,01,4822.98,601.68,470.17,5,501
2014 / 11,Queens,14,2782.04,210.88,156.68,4,414
2014 / 11,Brooklyn,13,1958.68,147.84,130.79,3,313
2014 / 11,Bronx,06,1974.92,102.75,117.75,2,206
2014 / 11,Queens,07,6294.2,778.78,509.65,4,407
2014 / 11,Queens,02,2651.18,363.34,272.16,4,402
2014 / 11,Queens,06,2706.48,394.84,259.4,4,406
2014 / 11,Manhattan,08,5397.78,1135.49,683.66,1,108
2014 / 11,Brooklyn,01,4825.88,450.04,330.21,3,301
2014 / 11,Queens,13,5039.59,474.34,505.82,4,413
2014 / 11,Brooklyn,07,3082.48,394.8,314.72,3,307
2014 / 11,Queens,11,3149.98,475.74,317.33,4,411
2014 / 11,Brooklyn,06,2137.17,554.69,342.61,3,306
2014 / 11,Queens,05,4541.44,621.96,527.33,4,405
2014 / 11,Brooklyn,15,4324.71,572.12,356.66,3,315
2014 / 11,Manhattan,04,2199.1,423.65,313.9,1,104
2014 / 11,Queens,01,3895.81,542.82,466.05,4,401
2014 / 11,Bronx,02,1418.61,61.99,75.67,2,202
2014 / 11,Bronx,04,3933.02,188.77,203.69,2,204
2014 / 11,Brooklyn,09,2892.3,216.17,153.48,3,309
2014 / 11,Manhattan,11,2084.31,194.59,155.07,1,111
2014 / 11,Queens,12,6055.21,430.3,529.57,4,412
2014 / 11,Brooklyn,14,4683.93,444.42,284.9,3,314
2014 / 11,Brooklyn,18,5187.16,537.26,414.57,3,318
2014 / 11,Bronx,03,1697.15,92.32,97.48,2,203
2014 / 11,Brooklyn,11,4657.72,599.52,387.94,3,311
2014 / 11,Brooklyn,04,2836.29,180.2,221.39,3,304
2014 / 11,Manhattan,05,1248.58,234.54,136.64,1,105
2014 / 11,Bronx,01,1777.3,84.1,89.6,2,201
2014 / 11,Staten Island,03,5679.23,767.55,513.92,5,503
2014 / 11,Brooklyn,17,4080.56,291.16,296.74,3,317
2014 / 11,Manhattan,06,2882.07,490.23,336.92,1,106
2014 / 11,Brooklyn,03,3660.54,241.94,202.37,3,303
2014 / 11,Manhattan,03,2829.77,301.43,246.84,1,103
2014 / 11,Bronx,07,3411.38,225.57,276.4,2,207
2014 / 11,Brooklyn,16,1838.78,90.79,100.79,3,316
2014 / 11,Brooklyn,08,2536.53,225.61,186.34,3,308
2014 / 11,Bronx,09,3629.95,168.89,225.33,2,209
2014 / 11,Brooklyn,02,2347.43,420.58,278.79,3,302
2014 / 11,Staten Island,02,4082.31,545.66,381.45,5,502
2014 / 11,Brooklyn,05,3898.76,209.28,240.08,3,305
2014 / 11,Queens,09,3784.7,402.26,362.06,4,409
2014 / 11,Bronx,08,2339.58,309.2,254.83,2,208
2014 / 11,Manhattan,12,4699.03,398.92,381.96,1,112
2014 / 11,Brooklyn,10,3078.53,509.02,329.28,3,310
2014 / 11,Queens,08,3558.41,445.1,286.06,4,408
2014 / 12,Brooklyn,04,3122.66,236.77,268.46,3,304
2014 / 12,Brooklyn,14,5240.67,563.55,342.06,3,314
2014 / 12,Brooklyn,17,4674.74,398.44,400.32,3,317
2014 / 12,Staten Island,02,4441.62,738.07,499.37,5,502
2014 / 12,Manhattan,06,3028.84,577.07,389.3,1,106
2014 / 12,Manhattan,12,5280.25,542.54,497.57,1,112
2014 / 12,Brooklyn,03,4154.33,345.98,281.02,3,303
2014 / 12,Brooklyn,12,6435.73,811.49,385.48,3,312
2014 / 12,Manhattan,11,2358.81,265.32,195.79,1,111
2014 / 12,Queens,04,4432.82,418.37,302.0,4,404
2014 / 12,Queens,06,2893.27,493.1,314.69,4,406
2014 / 12,Bronx,03,1972.5,149.09,142.04,2,203
2014 / 12,Brooklyn,13,2159.06,210.41,165.93,3,313
2014 / 12,Queens,02,3006.84,488.11,333.24,4,402
2014 / 12,Manhattan,04,2392.44,483.67,356.66,1,104
2014 / 12,Queens,12,6860.9,592.93,677.56,4,412
2014 / 12,Brooklyn,18,5686.97,742.26,535.68,3,318
2014 / 12,Queens,03,5071.98,450.31,410.71,4,403
2014 / 12,Manhattan,02,2164.53,532.04,347.43,1,102
2014 / 12,Queens,05,5080.9,849.65,657.63,4,405
2014 / 12,Brooklyn,11,5130.41,777.29,471.0,3,311
2014 / 12,Brooklyn,09,3251.9,269.89,191.26,3,309
2014 / 12,Bronx,12,4045.11,444.76,480.29,2,212
2014 / 12,Brooklyn,07,3425.22,506.13,382.24,3,307
2014 / 12,Bronx,07,3869.95,312.58,350.43,2,207
2014 / 12,Brooklyn,05,4659.85,320.08,346.23,3,305
2014 / 12,Brooklyn,10,3547.5,671.09,408.98,3,310
2014 / 12,Bronx,02,1617.69,87.48,100.77,2,202
2014 / 12,Manhattan,08,5624.44,1332.52,765.83,1,108
2014 / 12,Brooklyn,01,5187.09,564.42,409.53,3,301
2014 / 12,Queens,11,3312.09,644.28,399.99,4,411
2014 / 12,Queens,14,3196.43,280.72,192.75,4,414
2014 / 12,Bronx,01,2035.66,123.92,118.82,2,201
2014 / 12,Brooklyn,15,4624.29,741.34,434.56,3,315
2014 / 12,Queens,08,3915.03,592.37,360.22,4,408
2014 / 12,Bronx,05,3665.32,244.8,283.69,2,205
2014 / 12,Bronx,10,2602.19,420.11,327.68,2,210
2014 / 12,Bronx,06,2305.22,153.95,167.16,2,206
2014 / 12,Brooklyn,02,2497.93,517.66,332.38,3,302
2014 / 12,Manhattan,03,3101.88,372.39,284.78,1,103
2014 / 12,Manhattan,10,2979.27,285.94,218.05,1,110
2014 / 12,Queens,01,4370.97,697.04,571.08,4,401
2014 / 12,Queens,10,3948.28,503.7,413.32,4,410
2014 / 12,Brooklyn,08,2864.99,314.92,258.41,3,308
2014 / 12,Bronx,04,4465.14,255.14,263.5,2,204
2014 / 12,Manhattan,01,1351.71,378.3,213.01,1,101
2014 / 12,Manhattan,07,5413.77,1256.78,757.76,1,107
2014 / 12,Queens,09,4225.51,547.55,451.27,4,409
2014 / 12,Staten Island,01,5480.69,807.12,614.27,5,501
2014 / 12,Staten Island,03,6208.28,1070.29,676.25,5,503
2014 / 12,Queens,07,6847.99,992.46,632.04,4,407
2014 / 12,Brooklyn,16,2046.98,119.64,121.76,3,316
2014 / 12,Bronx,09,4111.13,231.27,267.81,2,209
2014 / 12,Brooklyn,06,2361.3,676.91,409.93,3,306
2014 / 12,Bronx,08,2602.28,423.55,340.13,2,208
2014 / 12,Manhattan,09,2596.33,289.99,227.19,1,109
2014 / 12,Queens,13,5580.32,651.45,661.47,4,413
2014 / 12,Manhattan,05,1350.71,305.32,171.46,1,105
2014 / 12,Bronx,11,3182.03,363.03,297.91,2,211
2015 / 01,Brooklyn,17,3668.88,259.53,307.18,3,317
2015 / 01,Queens,08,3137.49,393.85,282.65,4,408
2015 / 01,Brooklyn,11,4372.32,573.33,394.74,3,311
2015 / 01,Manhattan,01,1303.17,378.83,256.06,1,101
2015 / 01,Bronx,04,3843.84,172.59,209.86,2,204
2015 / 01,Manhattan,04,2214.69,474.06,390.45,1,104
2015 / 01,Queens,01,3679.59,490.18,456.7,4,401
2015 / 01,Brooklyn,08,2361.22,188.4,173.82,3,308
2015 / 01,Manhattan,07,5008.54,1083.92,753.6,1,107
2015 / 01,Bronx,08,2260.0,302.38,286.88,2,208
2015 / 01,Queens,06,2509.56,376.71,281.38,4,406
2015 / 01,Brooklyn,14,4333.85,382.3,276.26,3,314
2015 / 01,Brooklyn,03,3485.03,222.49,215.02,3,303
2015 / 01,Queens,12,5269.97,400.04,552.96,4,412
2015 / 01,Brooklyn,18,4463.93,510.35,433.58,3,318
2015 / 01,Brooklyn,07,3013.91,362.4,306.62,3,307
2015 / 01,Manhattan,12,4616.38,460.1,487.88,1,112
2015 / 01,Brooklyn,15,3860.57,504.8,351.97,3,315
2015 / 01,Staten Island,01,4126.15,592.77,534.14,5,501
2015 / 01,Queens,14,2691.08,197.8,166.67,4,414
2015 / 01,Brooklyn,02,2163.15,377.87,284.82,3,302
2015 / 01,Brooklyn,12,5608.51,612.37,324.57,3,312
2015 / 01,Manhattan,03,2836.59,319.66,280.42,1,103
2015 / 01,Bronx,09,3464.64,197.19,272.93,2,209
2015 / 01,Manhattan,09,2283.25,279.31,245.42,1,109
2015 / 01,Queens,02,2643.0,345.4,284.21,4,402
2015 / 01,Brooklyn,13,1886.73,138.15,137.78,3,313
2015 / 01,Brooklyn,01,4697.77,462.53,381.02,3,301
2015 / 01,Queens,04,3892.56,299.23,281.08,4,404
2015 / 01,Bronx,07,3317.17,238.23,309.74,2,207
2015 / 01,Bronx,05,3171.81,162.32,232.32,2,205
2015 / 01,Queens,11,2431.79,411.61,312.06,4,411
2015 / 01,Manhattan,10,2614.59,244.56,213.25,1,110
2015 / 01,Brooklyn,05,3584.01,181.51,242.35,3,305
2015 / 01,Manhattan,05,1229.74,223.15,148.3,1,105
2015 / 01,Manhattan,06,2853.66,570.62,464.72,1,106
2015 / 01,Queens,09,3404.75,374.9,371.83,4,409
2015 / 01,Brooklyn,16,1660.27,86.62,101.07,3,316
2015 / 01,Brooklyn,10,2959.33,485.0,336.46,3,310
2015 / 01,Bronx,01,1782.71,80.18,91.99,2,201
2015 / 01,Staten Island,02,3347.03,542.34,432.68,5,502
2015 / 01,Bronx,12,3209.71,325.73,417.59,2,212
2015 / 01,Brooklyn,09,2697.83,210.45,164.5,3,309
2015 / 01,Queens,13,3964.58,456.0,527.99,4,413
2015 / 01,Queens,03,4275.01,332.56,352.8,4,403
2015 / 01,Brooklyn,04,2687.0,173.85,227.14,3,304
2015 / 01,Staten Island,03,4591.71,761.77,601.45,5,503
2015 / 01,Manhattan,02,1949.04,371.42,272.37,1,102
2015 / 01,Bronx,02,1418.93,115.26,138.17,2,202
2015 / 01,Queens,05,4230.73,586.79,557.58,4,405
2015 / 01,Manhattan,11,2090.2,156.92,142.06,1,111
2015 / 01,Bronx,10,2129.26,308.05,298.78,2,210
2015 / 01,Bronx,11,2731.6,279.08,280.29,2,211
2015 / 01,Bronx,06,1957.01,75.22,99.55,2,206
2015 / 01,Manhattan,08,5215.68,1052.14,738.98,1,108
2015 / 01,Bronx,03,1694.26,76.64,83.25,2,203
2015 / 01,Queens,10,3067.09,322.82,323.88,4,410
2015 / 01,Brooklyn,06,2089.31,501.84,377.72,3,306
2015 / 01,Queens,07,5622.68,713.92,504.07,4,407
2015 / 02,Brooklyn,05,3398.82,215.91,292.52,3,305
2015 / 02,Brooklyn,12,5330.97,742.03,377.56,3,312
2015 / 02,Brooklyn,10,2655.06,537.35,388.72,3,310
2015 / 02,Manhattan,10,2324.36,211.86,195.49,1,110
2015 / 02,Manhattan,02,1825.89,437.61,328.18,1,102
2015 / 02,Brooklyn,16,1535.59,89.27,112.2,3,316
2015 / 02,Bronx,11,2234.5,230.48,246.37,2,211
2015 / 02,Staten Island,03,3776.13,710.42,554.24,5,503
2015 / 02,Bronx,12,2636.5,278.58,393.76,2,212
2015 / 02,Queens,07,4833.12,753.73,577.6,4,407
2015 / 02,Bronx,06,1703.98,111.74,146.1,2,206
2015 / 02,Brooklyn,13,1732.79,166.76,161.0,3,313
2015 / 02,Queens,05,3538.64,597.09,642.51,4,405
2015 / 02,Bronx,07,2913.22,210.59,296.68,2,207
2015 / 02,Bronx,04,3405.94,178.22,219.31,2,204
2015 / 02,Brooklyn,01,4276.01,530.64,451.81,3,301
2015 / 02,Manhattan,04,1950.6,404.53,353.72,1,104
2015 / 02,Brooklyn,06,1773.9,583.34,417.77,3,306
2015 / 02,Queens,03,3497.74,342.97,396.61,4,403
2015 / 02,Queens,11,2018.49,446.27,355.92,4,411
2015 / 02,Queens,02,2252.24,377.68,333.98,4,402
2015 / 02,Bronx,01,1554.0,93.42,105.01,2,201
2015 / 02,Brooklyn,03,3170.48,257.1,253.44,3,303
2015 / 02,Queens,14,2213.82,213.82,188.55,4,414
2015 / 02,Brooklyn,07,2679.62,435.19,381.24,3,307
2015 / 02,Staten Island,01,3457.25,549.47,499.48,5,501
2015 / 02,Queens,01,3102.59,543.49,551.99,4,401
2015 / 02,Queens,13,3377.19,442.54,572.58,4,413
2015 / 02,Bronx,09,2986.17,157.56,220.17,2,209
2015 / 02,Manhattan,01,1185.02,320.83,207.18,1,101
2015 / 02,Bronx,03,1515.79,102.55,123.39,2,203
2015 / 02,Brooklyn,02,2060.52,453.5,343.6,3,302
2015 / 02,Manhattan,03,2514.03,316.05,293.31,1,103
2015 / 02,Queens,09,2910.01,382.06,418.55,4,409
2015 / 02,Bronx,02,1266.62,69.14,92.87,2,202
2015 / 02,Manhattan,08,4734.34,1078.63,783.11,1,108
2015 / 02,Brooklyn,08,2127.21,239.42,241.04,3,308
2015 / 02,Brooklyn,11,3981.9,652.67,465.76,3,311
2015 / 02,Queens,12,4528.13,415.66,614.07,4,412
2015 / 02,Staten Island,02,2816.56,516.82,413.97,5,502
2015 / 02,Brooklyn,18,3739.58,527.5,483.75,3,318
2015 / 02,Queens,04,3332.08,322.53,320.82,4,404
2015 / 02,Queens,06,2142.45,416.78,313.94,4,406
2015 / 02,Brooklyn,04,2471.38,195.86,271.53,3,304
2015 / 02,Manhattan,05,1134.07,260.73,170.27,1,105
2015 / 02,Bronx,08,1898.16,292.86,289.35,2,208
2015 / 02,Manhattan,12,3960.27,415.54,466.97,1,112
2015 / 02,Manhattan,09,1951.83,245.18,222.79,1,109
2015 / 02,Bronx,10,1764.13,275.1,288.02,2,210
2015 / 02,Brooklyn,09,2357.04,209.12,185.99,3,309
2015 / 02,Queens,10,2538.28,344.08,387.88,4,410
2015 / 02,Brooklyn,14,3944.61,461.36,321.1,3,314
2015 / 02,Brooklyn,15,3594.92,599.3,426.4,3,315
2015 / 02,Brooklyn,17,3265.43,267.96,340.48,3,317
2015 / 02,Manhattan,06,2476.89,459.85,379.63,1,106
2015 / 02,Manhattan,11,1854.27,207.68,193.57,1,111
2015 / 02,Bronx,05,2864.46,165.31,240.14,2,205
2015 / 02,Queens,08,2693.77,435.99,349.9,4,408
2015 / 02,Manhattan,07,4321.6,1019.58,699.12,1,107
2015 / 03,Queens,08,3424.52,489.07,336.74,4,408
2015 / 03,Queens,05,4450.96,618.84,594.33,4,405
2015 / 03,Brooklyn,12,6723.91,818.16,425.4,3,312
2015 / 03,Brooklyn,18,4971.42,585.68,467.96,3,318
2015 / 03,Manhattan,11,2234.5,197.57,167.51,1,111
2015 / 03,Brooklyn,16,1889.71,90.84,99.4,3,316
2015 / 03,Bronx,05,3426.32,200.62,265.04,2,205
2015 / 03,Brooklyn,07,3139.75,420.74,352.93,3,307
2015 / 03,Queens,04,4018.86,316.94,286.79,4,404
2015 / 03,Manhattan,08,5238.38,1090.58,690.35,1,108
2015 / 03,Brooklyn,13,2078.97,167.2,155.21,3,313
2015 / 03,Brooklyn,01,5502.27,516.88,390.92,3,301
2015 / 03,Bronx,08,2242.45,327.36,312.11,2,208
2015 / 03,Brooklyn,08,2693.82,263.41,235.41,3,308
2015 / 03,Brooklyn,09,3165.52,233.42,178.4,3,309
2015 / 03,Brooklyn,02,2355.39,429.68,302.77,3,302
2015 / 03,Staten Island,03,4922.0,775.39,535.98,5,503
2015 / 03,Brooklyn,17,4185.42,307.61,340.03,3,317
2015 / 03,Manhattan,12,4908.47,424.8,438.72,1,112
2015 / 03,Queens,09,3680.31,434.82,417.2,4,409
2015 / 03,Manhattan,05,1276.07,261.9,156.06,1,105
2015 / 03,Manhattan,04,2294.97,389.2,316.28,1,104
2015 / 03,Brooklyn,04,2937.88,193.83,254.75,3,304
2015 / 03,Staten Island,02,3710.08,575.87,419.2,5,502
2015 / 03,Brooklyn,03,3917.64,297.92,265.93,3,303
2015 / 03,Queens,10,3378.5,379.23,382.07,4,410
2015 / 03,Bronx,03,1835.9,120.09,128.41,2,203
2015 / 03,Staten Island,01,4705.5,626.48,526.08,5,501
2015 / 03,Queens,06,2618.3,400.32,296.72,4,406
2015 / 03,Brooklyn,05,4289.0,248.12,303.9,3,305
2015 / 03,Manhattan,06,2839.08,459.45,350.89,1,106
2015 / 03,Bronx,10,2245.2,317.15,295.99,2,210
2015 / 03,Brooklyn,15,4386.08,630.68,423.69,3,315
2015 / 03,Queens,12,5845.47,482.21,609.29,4,412
2015 / 03,Bronx,09,3678.27,188.23,247.01,2,209
2015 / 03,Queens,13,4493.16,514.82,585.25,4,413
2015 / 03,Brooklyn,11,4645.71,614.11,429.22,3,311
2015 / 03,Queens,01,3945.12,556.82,525.32,4,401
2015 / 03,Manhattan,09,2373.98,233.88,204.54,1,109
2015 / 03,Brooklyn,10,3147.03,523.71,368.34,3,310
2015 / 03,Bronx,04,4076.43,226.6,244.39,2,204
2015 / 03,Queens,03,4516.69,343.2,379.4,4,403
2015 / 03,Bronx,06,2144.24,121.35,145.6,2,206
2015 / 03,Bronx,01,1933.29,110.87,114.9,2,201
2015 / 03,Manhattan,10,2809.03,235.09,195.89,1,110
2015 / 03,Queens,02,2743.38,374.56,304.39,4,402
2015 / 03,Queens,14,2955.64,236.63,179.25,4,414
2015 / 03,Bronx,11,2806.43,284.73,264.11,2,211
2015 / 03,Manhattan,03,2974.58,297.96,253.87,1,103
2015 / 03,Queens,07,5855.52,811.03,581.49,4,407
2015 / 03,Brooklyn,06,2111.79,546.58,370.58,3,306
2015 / 03,Manhattan,01,1328.96,335.65,198.69,1,101
2015 / 03,Bronx,02,1550.77,81.04,98.27,2,202
2015 / 03,Bronx,12,3555.67,358.33,435.87,2,212
2015 / 03,Bronx,07,3582.28,252.33,313.73,2,207
2015 / 03,Manhattan,07,5046.49,1070.97,672.84,1,107
2015 / 03,Queens,11,2593.49,506.71,371.97,4,411
2015 / 03,Manhattan,02,2011.91,416.76,305.18,1,102
2015 / 03,Brooklyn,14,4876.93,506.88,326.85,3,314
